"origin_id","origin"
0,"4chan"
1,"Leave It To Me (Musical)"
2,"YouTube"
3,"300 (film)"
4,"DeviantArt"
5,"I Can Has Cheezburger"
6,"KGW News"
7,"Mushroom Kingdom forum user ""T.E.M."", remixed by Anonymous"
8,"Rage Games / Zany Video Game Quotes"
9,"Something Awful"
10,"Unknown"
11,"Urban Dictionary"
12,"Warcraft III"
13,"Fr. Eckle Studios"
14,"offtopic.com"
15,"KXXV NewsWatch"
16,"2006"
17,"Mr. T Ate My Balls (original website)"
18,"YTMND"
19,"Newgrounds"
20,"Star Fox 64"
21,"Dragon Ball Z"
22,"Doom9 Forums"
23,"Street Starz Radio"
24,"TMZ-posted audio recording from the set of Terminator 4"
25,"Superpoop"
26,"WPMI-TV News Report"
27,"Happa-Tai"
28,"Youtube"
29,"""SS/Tang(Green) vs Zhu/Lucky(Blue)2"" by TheWaffle77"
30,"LUELinks"
31,"Researching"
32,"niconico"
33,"NicoNico"
34,"Team Fortress 2"
35,"dinosaurvalley.com"
36,"Digg (Researching)"
37,"Deidre LaCarte"
38,"Dino Ignacio's website (defunct)"
39,"barackobamaisyournewbicycle.com"
40,"Pokemopolis"
41,"""Conan is...AN ALLIGATOR"" by Dasyati"
42,"Wayne's World"
43,"Fensler Films"
44,"Pro Wrestling (NES Game)"
45,"Mike Blount's Homepage"
46,"http://www.ikissyou.org/"
47,"photo of Qian Zhijun"
48,"George W. Bush"
49,"Ted Stevens quote"
50,"""Boy's Town"" comic by Matt Furie"
51,"Lord of the Rings: The Fellowship of the Ring"
52,"Photo by Alex Stram"
53,"School Days Finale Replacement"
54,"cellphone video by Giovanny Gutierrez"
55,"Newscast via KRON4"
56,"Sakura-Con 2009"
57,"Star Wars"
58,"The Lord of the Rings: The Fellowship of the Ring"
59,"Japanese Excercise and English Lesson video."
60,"Star Trek: TNG"
61,"Burger King Ads"
62,"JoJo's Bizarre Adventure"
63,"MyDeathSpace.com"
64,"Samwell"
65,"beatmania IIDX 11 : IIDXRED"
66,"Television"
67,"WarcraftVideos.com"
68,"World Cup Final 2006: France vs. Italy"
69,"""How to Make People Angry"" DVD"
70,"Forbes' Insoluble Dry Plates"
71,"An open letter to the Kansas Board of Education by Bobby Henderson"
72,"Super Smash Bros."
73,"Adventures of Sonic the Hedgehog"
74,"Cellphone video taken in a Hong Kong bus"
75,"Flickr"
76,"Atlanta, GA"
77,"The Simpsons"
78,"rathergood.com"
79,"Futaba Channel (2chan)"
80,"Try! Try! Try!"
81,"All Star Batman And Robin The Boy Wonder Issue 02"
82,"Death Note"
83,"4q.cc"
84,"Bootleg Star Wars DVD"
85,"Freakazoid (TV Series)"
86,"Kevin Federline single"
87,"Nintendo"
88,"South Park (Television Show)"
89,"Cambridge University"
90,"Geocities"
91,"Hockey Zombie"
92,"Homemade fliers in Seattle"
93,"The now defunct Leehotti.com"
94,"Crayon Shin-chan"
95,"Konami"
96,"http://www.realultimatepower.net"
97,"Hip-hop lyrics: 'Rollin' - Chamillionaire"
98,"Possibly the now defunct site www.zoom-out.co.uk"
99,"The Raffi ""Bananaphone"" album."
100,"BarFly mag and NHK Television"
101,"Amazon.com"
102,"E3 2003 / E3 2004"
103,"NineMSN News, Brisbane, Australia"
104,"MySpace"
105,"StarCraft"
106,"Usenet"
107,"Dustin Mclean of Dustfilms"
108,"Hatten är din"
109,"Single 45 RPM record by Boots Randolph and James Q. ""Spider"" Rich"
110,"http://www.maniacworld.com/maze_game.htm"
111,"4chan / Historic Tale Construction Kit"
112,"Lawyers, Guns and Money"
113,"Movie ""Silent night, deadly night Part 2"""
114,"cornify.com"
115,"Iron Mic: Eli Porter vs. Envy"
116,"Austrian Sex Criminal"
117,"Strait Dope Forums"
118,"Antares Audio Technologies"
119,"A post on a Ashlee Simpson message board(?)"
120,"Juarez, Mexico"
121,"E3 2006"
122,"Usenet / The Simpsons"
123,"blakekelly0"
124,"Baidu Baike hoax articles"
125,"LazyTown"
126,"PSA"
127,"That's Why I Assault Ren (Manga)"
128,"Cingular/ AT&T commercial"
129,"The Maya by Michael D. Coe"
130,"Belgium (June 16, 2009)"
131,"Viewpoint Datalab's model bank"
132,"Jonti Picking"
133,"My Way Entertainment"
134,"Facebook"
135,"Webcomic"
136,"Outtakes from a Winnebago ad"
137,"ultimatemetal.com"
138,"Matthew Harding"
139,"video resumé by Aleksey Vayner"
140,"Furry Fandom"
141,"multiple"
142,"Mike Godwin, Usenet"
143,"The Kannadan Language"
144,"Bulletin Board Systems"
145,"9news/Eepybird.com"
146,"Despair, Inc."
147,"Predator"
148,"Artwork by Aaron St. Goddard"
149,"Saturday Night Live"
150,"World Star Hiphop"
151,"DCinside"
152,"Humoruniv.co.kr"
153,"2channel"
154,"DCinside.com"
155,"Yotube"
156,"BodyBuilding.com"
157,"MyFoxAtlanta (Channel 5)"
158,"Metroid: Other M (E3 Trailer)"
159,"U.K. Hip-hop Album"
160,"A photo taken by Péter Guzli"
161,"Iowa Democratic Caucuses"
162,"Spongebob Squarepants"
163,"Empire of the Ants (1977)"
164,"pixyland.org (home page)"
165,"Apple Insider Forums"
166,"Google"
167,"The Stiles Project"
168,"Creator: Jason Windsor; website: Albino Blacksheep"
169,"IRC"
170,"Pandemic II"
171,"DC Inside"
172,"Chess / Hacker Community"
173,"Harper's Magazine"
174,"Houston Hip Hop Scene"
175,"Syberpunk"
176,"Pure Pwnage"
177,"MSN Chat"
178,"Lost"
179,"Pânico na TV"
180,"common typographical error"
181,"Public Restroom"
182,"Melissa Brandts"
183,"Erwin ""Tron"" Beekveld"
184,"FurAffinity"
185,"http://www.VTsFinest.com"
186,"A comic by the Shrimp and Hippo Team."
187,"Guadalajara, Mexico"
188,"Left 4 Dead, Garry's Mod"
189,"GameFAQs"
190,"General Mayhem"
191,"Sonic R"
192,"There Will Be Blood (2007)"
193,"The Wicker Man"
194,"E-Mail"
195,"Internet Slang"
196,"lawforkids.org"
197,"GameFAQ (?)"
198,"Shepard Fairey"
199,"SNL"
200,"r9k"
201,"Garry's Mod"
202,"American Idol"
203,"Fresh Prince of Bel-Air"
204,"American television program COPS"
205,"Cracked.com"
206,"Russia"
207,"StarCraft (Video Game)"
208,"TV Anime"
209,"Various apocryphal sources"
210,"Baidu WoW forum"
211,"Pokemon"
212,"sound effect first used in 1951 for the film Distant Drums"
213,"2006 World Cup: England vs. Trinidad & Tobago"
214,"Contagious Media Showdown"
215,"Viral Video"
216,"Homemade video on a personal website"
217,"Dungeons and Dragons"
218,"The Melancholy of Haruhi Suzumiya"
219,"Atom.Smasher.com"
220,"Bill O'Rielly"
221,"MTV Video Music Awards"
222,"Windows OS"
223,"http://www.i-mockery.com/"
224,"UOL Jogos"
225,"Slashdot"
226,"Outer Space's ""Vale Tudo"" Board"
227,"Microblogging"
228,"Stick Stickly M/V"
229,"Belgium and The Netherlands"
230,"Hitler Cats blog"
231,"Fanfiction.net"
232,"Uncyclopedia"
233,"The English Language"
234,"Unkown"
235,"Don Hertzfeldt's Rejected"
236,"Emptees.com"
237,"Stick Figure Death Theatre"
238,"Backwood Homes Magazine"
239,"MAD tapes"
240,"Horribleville"
241,"Mario Paint"
242,"House"
243,"Reddit"
244,"Denver 7 News"
245,"Original animation by Weebl"
246,"Paint Shop Pro"
247,"Touhou Maidens' Orchestra"
248,"Zoolander (2001)"
249,"TV Show: Aqua Teen Hunger Force; Online Origin: Unknown"
250,"Gamekult forums"
251,"Street FIghter II"
252,"Microsoft Office Assistant"
253,"Star Wars Episode IV: A New Hope"
254,"Jihad Watch"
255,"The Internet"
256,"The Frantics"
257,"Milkandcookies.com"
258,"Meme Generator"
259,"Willy Wonka & The Chocolate Factory"
260,"Underwear Goes Inside the Pants"
261,"geocities.com/jeffgoldblumiswatchingyoupoop/"
262,"G-shack forums"
263,"The X-Files"
264,"Techside's FAQ forum"
265,"Genghis Khan"
266,"Baseketball"
267,"Joseph baron Ducreux, image macro, art"
268,"rule34.paheal.net"
269,"Ayasii World (Strange World) Bulletin board"
270,"Icanhascheezburger"
271,"Denny's Super Bowl commercial"
272,"Zelda II: The Adventures of Link"
273,"Early 1980's Christian Music Video"
274,"Portal"
275,"""Shut The Fuck Up"""
276,"Local area network at Guangzhou Arts Institute"
277,"Trading Spouses"
278,"Perry Bible Fellowship"
279,"Engrish.com"
280,"Windows 2000"
281,"Homestar Runner"
282,"b3ta forum"
283,"Bindass Dadagiri (Reality TV Series_"
284,"Aliens"
285,"Amy Castle recording"
286,"Usenet group"
287,"Fark"
288,"Columbus, OH Tattoo Artist Giovani"
289,"Macross Frontier"
290,"Real Life"
291,"H.P. Lovecraft"
292,"SpongeBob SquarePants"
293,"Star Trek"
294,"Fate/Stay Night (Anime series)"
295,"1965′s World’s Finest #153,"
296,"The ""Sasebo Slashing"" Incident"
297,"started with a surprise phone call in the 1990s & turned into a community-art project"
298,"xkcd"
299,"The Elder Scrolls IV: Oblivion"
300,"alt.gothic newsgroup"
301,"Modern Warfare 2 (and the /v/ board)"
302,"SpongeBob Squarepants"
303,"John Lurie via Lobzz's picture on leprosorium.ru"
304,"Junji Ito's Frankenstein  & 4chan"
305,"Krautchan"
306,"Ars Technica"
307,"South Korean Newscast"
308,"B3ta"
309,"IRC / AIM chats"
310,"The Dr. Demento Show"
311,"Blogspot"
312,"Azumanga Daioh"
313,"Jingle All the Way"
314,"BonsaiKitten.com"
315,"Death Note Fansub"
316,"Wikipedia"
317,"Tumblr"
318,"Gene Ray"
319,"News"
320,"KY3-TV footage"
321,"http://www.smithmag.net/"
322,"Japanese Correspondence Education Material"
323,"YayHooray.com"
324,"ReadWriteWeb"
325,"Apple II Game"
326,"Avenue Q"
327,"bit-tech.net"
328,"http://multilockon.hp.infoseek.co.jp/"
329,"Livejournal"
330,"Bofunk.com"
331,"Mass Effect 2"
332,"Vimeo"
333,"Cut scene from ""Raiders of the Lost Ark"""
334,"Wondershowzen"
335,"w00ks.org"
336,"Neil Cicierega"
337,"Tianya Club"
338,"KXVO"
339,"Twitter"
340,"Heavy Rain"
341,"Café Salé forum"
342,"The Soup, series on E"
343,"Philips CD-i"
344,"The Hitchiker's Guide To The Galaxy"
345,"The Wire"
346,"Worth1000.com"
347,"FOX TV Show: Action!"
348,"Touhou : The Embodiment of Scarlet Devil"
349,"CookieThievery.com"
350,"Kenya"
351,"Second Life"
352,"Translated onomatopoeia from Japanese manga. Popularized by the Sexy Losers webcomic"
353,"Urlesque"
354,"http://pixeloo.blogspot.com/"
355,"Pokémon (Video Game)"
356,"Shadow The Hedgehog"
357,"Star Trek II: The Wrath of KHAN."
358,"Documentary: Christian, The Lion at World's End"
359,"France 2, Télé Matin"
360,"Miracles by Insane Clown Posse"
361,"Transformers"
362,"María la del Barrio"
363,"Megaman 2 / Rockman 2"
364,"The Goddess Bunny"
365,"BlueWaffle.net"
366,"LoadingReadyRun"
367,"A&E Intervention"
368,"Grand Theft Auto IV"
369,"http://ciba.lil.to/"
370,"researching"
371,"A picture from the H2O annual rave party"
372,"Dos Equis television commercial"
373,"WBFF-TV/Advertising Association of Baltimore"
374,"The Philips CD-I"
375,"News media"
376,"Russian Message Board"
377,"Kotaku"
378,"Castlevania: Symphony of the Night"
379,"Geoffrey Lee"
380,"Bralorne Pioneer Museum"
381,"British WWII Propaganda Poster"
382,"Boozecats.com"
383,"South Carolina College Campuses"
384,"Usenet BBS chatrooms"
385,"Pokemon Red and Blue"
386,"The Lonely Island - Like A Boss"
387,"FC Bayern München vs. SV Werder Bremen"
388,"1992 Summer Consumer Electronics Show"
389,"Eurovision 2010"
390,"pixiv"
391,"Webshots gallery"
392,"World Cup 2010"
393,"Current TV's <i>Vanguard</i>"
394,"Folha Online Video"
395,"Life On Mars / Ashes to Ashes"
396,"British General Election 2010"
397,"Chappelle's Show"
398,"The Family Man/ Happy Harry"
399,"Pown.it"
400,"forums"
401,"jurassic park"
402,"Age Of Empires"
403,"WHNT 19"
404,"The Dark Knight (Film)"
405,"The World of David the Gnome"
406,"Russian news clip"
407,"Slashdot.org"
408,"/mu/"
409,"MOP"
410,"Family Guy"
411,"Baidu Tieba"
412,"Yume Nikki"
413,"Pokemon: Gold and Silver"
414,"Montana Meth Project"
415,"Los Angeles Public Access"
416,"Samurai Damasii (侍魂)."
417,"Sturgeonface.com"
418,"UK news media"
419,"The Daizex Forums"
420,"Calvin & Hobbes"
421,"Dogma (Film)"
422,"NBC News affiliate WAFF-48"
423,"Sesame Street"
424,"Internet"
425,"South Park"
426,"Yu-Gi-Oh"
427,"""Fuck tha Police"" by NWA"
428,"http://www.teamamerica.com/"
429,"/vp/"
430,"Chicago Art House Performance"
431,"Pokemon Games"
432,"theCHIVE"
433,"NYDaily"
434,"Wang Momo"
435,"Star Wars Episode 5"
436,"mIRC"
437,"""Bad Apple!!"" feat. Nomico by Alstroemeria Records"
438,"Kuvalauta / Finnish imageboard"
439,"Ukraine"
440,"FunnyJunk"
441,"peppercats.ru"
442,"Newgrounds.com"
443,"Yak Yak"
444,"7chan"
445,"MS Paint Adventures"
446,"Goodby Silverstein & Partners"
447,"Man vs. Wild"
448,"Amarillo, TX newscast"
449,"Amazing Race"
450,"It's Always Sunny In Philadelphia"
451,"Axis Powers Hetalia"
452,"Pastebin"
453,"The Sartorialist"
454,"Personal Websites"
455,"Ryder Cup"
456,"You're Invited To Mary Kate and Ashley's Sleepover Party (Movie)"
457,"Bill Maher's Real Time"
458,"Taio Cruz - Dynamite"
459,"Unsure"
460,"Bryan Baker"
461,"CMU School of Computer Science"
462,"Gabe Newell"
463,"Michael Jackson's Moonwalker"
464,"E3"
465,"New York Gubernatorial Debate"
466,"""What Could Have Been..."" by RySenkari"
467,"Ichor Falls"
468,"Jorsindo Motor Club Forums"
469,"The Boondocks"
470,"Japanese NTV"
471,"Warhammer 40K"
472,"icanhascheezburger.com, unknown"
473,"Minecraft"
474,"Our Childhoods"
475,"Explosm.net"
476,"Supernatural"
477,"Weegee"
478,"Hot Topic Store"
479,"How I Met Your Mother"
480,"Bad Boys 2"
481,"Futurama"
482,"MTV, Jersey Shore"
483,"T"
484,"Pokemon Factory"
485,"MemeDepot.com"
486,"Phoenix Wright Series"
487,"Catbread and Cardboard Box"
488,"Bennett Foddy"
489,"Pon and Zi webcomic"
490,"Star Trek (2009)"
491,"Live Television Broadcast"
492,"Super Mario Bros (NES)"
493,"Brazil"
494,"GamePro Magazine"
495,"Viedemerde.fr"
496,"RealUltimatePower.net"
497,"Youku.com"
498,"""99 Problems"" by Jay-Z"
499,"Jeremy Winterrowd"
500,"The Sneeze"
501,"bash.org"
502,"Kongregate"
503,"standing robot statue in Chinese playland"
504,"Bill O'Reilly video"
505,"Egypt"
506,"IGN Forum (?)"
507,"El Noticiero con Joaquín López-Dóriga"
508,"Was (Not Was)"
509,"They Live"
510,"Creepypasta"
511,"Harry Potter and the Sorcerer's Stone"
512,"Charlie Sheen"
513,"My Little Pony: Friendship is Magic"
514,"Halo 2: First recorded instance."
515,"Fist of the North Star"
516,"VT Uol, 55chan, Brchan, 138chan, MMO"
517,"The Dark Knight"
518,"PSA Campaign"
519,"Gawker"
520,"Advert shown on DVDs."
521,"Ore no Imōto ga Konna ni Kawaii Wake ga Nai"
522,"The Oatmeal"
523,"1967"
524,"Bahrain TV"
525,"Spy Magazine"
526,"Quickmeme"
527,"Entourage"
528,"Hot Pursuit forums"
529,"Fine Cooking Magazine"
530,"Dragonball Z"
531,"LOL-COMICS"
532,"Puella Magi Madoka Magica"
533,"The Wizard"
534,"Portal 2"
535,"Community (TV Show)"
536,"Drawn-sex"
537,"Rules of the Internet V.2"
538,"SimCity 2000"
539,"Equestria Daily"
540,"Carrie Underwood Song"
541,"Whitehouse Photo Stream on Flickr"
542,"HKGolden"
543,"Indiana Jones: Kingdom of the Crystal Skull"
544,"Superbowl"
545,"Singapore"
546,"Tropic Thunder"
547,"East Harlem slang"
548,"Futaba Channel (2chan) / 4chan"
549,"Futurama - ""A Clockwork Origin"""
550,"30 Rock"
551,"Vincent Connare"
552,"Sarah Jessica Parker Looks Like a horse"
553,"Austin Powers"
554,"Doom Comic"
555,"9gag"
556,"Ubisoft's 2011 E3 Press Conference"
557,"Ryan Davis and Jeff Gerstmann, E3 2011"
558,"Homestuck"
559,"HottestGirlsOnCampus"
560,"Compression Artifacts"
561,"Ponychan /oat/ board"
562,"The Legend of Zelda"
563,"My Little Pony: Friendship is Magic, PonyChan, Ponibooru, Equestria Daily, /b/"
564,"My Little Pony: Friendship is Magic, Ponychan, /co/, Ponibooru"
565,"Otaku Culture"
566,"Weibo"
567,"Ctrl+Alt+Del"
568,"osakan manzai comedy routines"
569,"Argentina"
570,"Jamaican news clip + remix by DJ Powa"
571,"Bungei Junkie Paradise"
572,"2003 Barbara Streisand's lawsuit event"
573,"Funnyjunk"
574,"BBS"
575,"CrossCounterTV"
576,"Weebl's Stuff"
577,"Bavaria"
578,"Cuánto Cabrón"
579,"Nyan Cat"
580,"/co/, /b/, ponychan"
581,"American cosplayer Paul M. Palgen"
582,"""Party Rock Anthem"" by LMFAO"
583,"GotGames.com.au"
584,"My Little Pony: Friendship is Magic, /co/, ponychan, /b/"
585,"Phineas and Ferb"
586,"Fugly"
587,"Advice Dog"
588,"La Rosa de Guadalupe"
589,"CuantoCabrón"
590,"SpreadSantorum.com"
591,"Weekend at Bernie's"
592,"Old El Paso commercial"
593,"Pokemon Red & Blue"
594,"Poly-Play"
595,"The Cold War & Nuclear Armaments"
596,"The Princess Bride"
597,"Be Kind Rewind"
598,"Anime & Manga"
599,"Goodnight Moon and Other Sleepytime Tales (Video)"
600,"A Few Good Men"
601,"Usenet (Alt.Sex.Stories newsgroup)"
602,"Yahoo Answers"
603,"asdfmovie4"
604,"Online Slang Dictionary"
605,"Doctor Who"
606,"Hyperbole and a Half"
607,"M.I.T."
608,"Uknown"
609,"Usenet / Christian Forums"
610,"Robot Chicken"
611,"Cartoon Network / Bitstrips"
612,"K-On!!"
613,"Sina"
614,"Naruto Shippuden"
615,"4chan/Something Awful"
616,"""The View"" by Metallica and Lou Reed"
617,"STARS"
618,"The Maury Povich Show"
619,"Denver Broncos game"
620,"Okaasan to Issho"
621,"Seattle Times"
622,"Cheat Engine Forums"
623,"Angelfire.com"
624,"Droste Cocoa"
625,"South Australia"
626,"UC Davis Pepper Spray incident"
627,"Fox News"
628,"Shannon Larratt"
629,"The Elder Scrolls V: Skyrim"
630,"Tim and Eric Awesome Show, Great Job!"
631,"Jumanji"
632,"Occupy Wall Street"
633,"/r9k/"
634,"Myths and Legends"
635,"Memegenerator"
636,"Fate Stay/Night"
637,"Home Designing"
638,"Steklovata"
639,"Moon Landing Hoax forums"
640,"La Redoute"
641,"Mythbusters"
642,"HipsterHitler.com"
643,"DuckTales"
644,"Bungie.net's ""The Flood"" Forums"
645,"4chan/Pya.cc"
646,"Friends (TV Show)"
647,"Monty Python’s Flying Circus"
648,"2001 by Dr. Dre"
649,"blogspot.com"
650,"Musicvideo: Cry by Godley & Creme"
651,"http://szmoon.net/post/1655459566/pokebraa-was-having-trouble-deciding-how-to"
652,"Boxden"
653,"FIU Memes"
654,"The Legend Of Zelda: Skyward Sword"
655,"NAVER"
656,"Antics Comic"
657,"Cherish"
658,"Mojo in the Morning radio prank"
659,"Fear and Loathing in Las Vegas"
660,"HotDiggedyDemon (Max Gilardi)"
661,"Edmund Spenser's The Faerie Queene"
662,"The Average Joe"
663,"http://kagonekoshiro.blog86.fc2.com/"
664,"b3ta"
665,"I Know That Feel Bro"
666,"File Formats"
667,"Jim Gasperini"
668,"Leonardo Da Vinci"
669,"FARK"
670,"Rage Comics"
671,"LatteArt.org"
672,"BoingBoing"
673,"The Big Lebowski"
674,"The Lounge Forums"
675,"Eyebombing.com"
676,"The Hunger Games"
677,"Old Spice"
678,"Patrick is the secondary main character in the show spongebob squarepants. He serves as spongebob's best frirnd and wheres green shorts with purple flowers on them. Throughout the series, patrick has made dumb sayings that had turned into internet memes s"
679,"KFOR News Channel 4 (Oklahoma City)"
680,"Yotsuba&!"
681,"The Community"
682,"KC Green's Comic"
683,"Elite Fitness message board"
684,"The Villain in Black"
685,"United States"
686,"_Pop Champagne_ by Ron Browz and Jim Jones"
687,"Soundcloud"
688,"LiveJournal"
689,"""Walking Small"" Episode from SpongeBob SquarePants"
690,"Erik Wernquist"
691,"Memebase Comixed"
692,"HalfBakery.com / Flickr"
693,"Nickelodeon, Spongebob Squarepants, Avatar: The Legend of Korra"
694,"Ponibooru"
695,"British forums"
696,"Gotye (artist)"
697,"Charlie Chaplin's ""The Circus"""
698,"Mark TDK Knight"
699,"Memebase"
700,"Ghostbusters"
701,"Fanfiction"
702,"Online Auction"
703,"Madagascar 3: Europe's Most Wanted"
704,"Indestructible Gameboy"
705,"Penny Arcade Expo"
706,"IBM Research"
707,"Penny Arcade"
708,"OperatorChan"
709,"Greenpeace"
710,"Queensland Rail Campaign"
711,"Star Wars: The Empire Strikes Back (Film)"
712,"Kumamoto Prefecture, Japan"
713,"Erwin Schrödinger"
714,"Comic Book Resources"
715,"Chibird"
716,"Craig Jackson / UC Santa Cruz students"
717,"Doom"
718,"The Fairly OddParents"
719,"IAAF World Junior Championships in Barcelona"
720,"B3TA"
721,"Bad Dragon"
722,"1993"
723,"""Batman"":/memes/batman"
724,"NASA Mars Science Laboratory"
725,"Hark, a Vagrant"
726,"Jackass"
727,"Warhammer 40,000"
728,"World War I / II"
729,"CSI: Miami (Television Series)"
730,"deviantArt"
731,"Dragonball"
732,"VenusMommy"
733,"fartbrazil.com"
734,"tumblr"
735,"Completely Serious Comics"
736,"Feminist Literature"
737,"Hentai & Doujin Manga"
738,"Breaking Bad"
739,"2012 Presidential Debates"
740,"Cheezburger"
741,"Pornhub"
742,"Shrub.com"
743,"Arthur"
744,"New Yorker Cartoon"
745,"Metal Gear Solid"
746,"Arrested Development"
747,"Ylilauta"
748,"Airtoons.com"
749,"Marvel Comics"
750,"City of Sound"
751,"Marriland Forums"
752,"creepypasta.wikia.com"
753,"Forocoches"
754,"The Big Bang Theory"
755,"Fanboy zine"
756,"eBay"
757,"Twista & R. Kelly"
758,"Disney Flash Game"
759,"Bruce Carr / Konami's Facebook Profile"
760,"AV Club"
761,"Tumblr/Facebook"
762,"Oscar Gamble"
763,"Southern Hip Hop"
764,"Rich Text Editor"
765,"Deadspin"
766,"Imgur"
767,"Super Bowl XLVII"
768,"The Perks of Being a Wallflower"
769,"reddit"
770,"The Legend of Zelda: Majora's Mask"
771,"Asian Town Forums"
772,"The Escapist"
773,"Carrefour De L'Opera"
774,"eFukt"
775,"Breakin' 2: Electric Boogaloo"
776,"Cracked"
777,"Wackbag Forums"
778,"Break"
779,"The Spongebob Squarepants Movie"
780,"Lord of the Rings"
781,"Matt Nelson"
782,"BToB MTV DiaryMany"
783,"Weibo (Chinese Social Network)"
784,"A Song of Ice and Fire"
785,"Back to the Future Part II"
786,"Inception"
787,"Facepunch"
788,"Sherlock Holmes Arrives Too Late"
789,"King of the Hill"
790,"Cowboy Bebop"
791,"Reform Act of 1867"
792,"The Anime Club"
793,"Time Magazine"
794,"WitchVox"
795,"VK"
796,"GameFront"
797,"TwitchTV"
798,"Blogger"
799,"Sina Weibo"
800,"Nintendo Direct @ E3"
801,"StuffWeLike.com"
802,"Angelfire"
803,"PCU"
804,"Twitch Chat"
805,"Reason"
806,"Kelis"
807,"Pacific Rim"
808,"The Bash Street Kids"
809,"Vine"
810,"The Iron Giant"
811,"The Root"
812,"Zoolander"
813,"TV Norge"
814,"CakeFarts.com"
815,"Life’s Vagaries"
816,"World of Warcraft"
817,"NBC"
818,"Instagram"
819,"backroomcastingcouch.com"
820,"Mambo.ru"
821,"Pokemon X and Y"
822,"Mystery Science Theater 3000"
823,"Creepypasta Wiki"
824,"Force Factor"
825,"Soup.io"
826,"Sega vs Nintendo"
827,"Ed, Edd n Eddy"
828,"Mike Sacks"
829,"Heilongjiang Morning Post"
830,"Elf (2003 Film)"
831,"E! Online"
832,"Mobile Suit Zeta Gundam"
833,"Heartless Bitches International"
834,"Lemonteaflower"
835,"BitcoinTalk"
836,"NTT DoCoMo"
837,"Kill La Kill"
838,"Metal Gear Rising: Revengeance."
839,"S.T.A.L.K.E.R.: Shadow of Chernobyl"
840,"Metal Gear Online Community"
841,"MyVag"
842,"Sochi Olympic Games"
843,"Call of Duty"
844,"Cycle Forums"
845,"Pictures For Sad Children"
846,"Final Fantasy VI"
847,"Oasis"
848,"OKCupid"
849,"Twitch"
850,"Dark Souls"
851,"Game of Thrones"
852,"Sonic's Shoes Blues"
853,"Metal Gear Solid V: Ground Zeroes"
854,"Archer"
855,"BBC News"
856,"Machinima's Far Cry 3 Review"
857,"Aqua Teen Hunger Force"
858,"Bonzi.com"
859,"Tim Wu"
860,"Mario Kart 64"
861,"A Forum of Ice and Fire"
862,"Smash Boards"
863,"Shin Megami Tensei: Lucifer's Call"
864,"Doritos and Mtn Dew XP"
865,"No Country for Old Men"
866,"Monkey-Business.net"
867,"Mario Kart 8"
868,"Raving Atheists Forum"
869,"Rotten.com"
870,"2014 FIFA World Cup"
871,"Encino Man"
872,"Canon Digital Photography Forums"
873,"The Walking Dead"
874,"Memebase - Cheezburger"
875,"Super Smash Brothers"
876,"Webpanda"
877,"Sirlin"
878,"www.reddit.com/r/nfl"
879,"Runescape"
880,"Friday"
881,"Grand Theft Auto series"
882,"Fight Club"
883,"Straightdope"
884,"Check One Two"
885,"France"
886,"Orpheusftw, YouTube"
887,"Shrek"
888,"Super Smash Bros for Wii U/3DS"
889,"Paul Blart Mall Cop"
890,"Rhymescheme"
891,"Adult Swim"
892,"Paper Magazine"
893,"World War II Propaganda"
894,"Pokemon Ruby and Sapphire"
895,"The Office"
896,"IGN"
897,"Japan Animator Expo"
898,"Max Coveri"
899,"Metalocalypse"
900,"Star Wars: The Force Awakens"
901,"Wondermark"
902,"memegenerator.net"
903,"Jay Geiger"
904,"PTSD definition"
905,"Call of Duty: Advanced Warfare"
906,"Ninja Pig Studios"
907,"Radio Sway"
908,"memegenerator"
909,"Steam"
910,"The Avengers"
911,"14th Century English"
912,"Super Bowl XLIX"
913,"PhotoFunia"
914,"Fubin Sugiru Zero Saber ga Ijikeru / A Very Pitiful Zero Saber Grows Timid"
915,"Sid Meier's Civilization"
916,"Golden Times Interview"
917,"SomeEcards"
918,"Justin.tv"
919,"Loose Change"
920,"Metal Gear Rising: Revengeance"
921,"TF2 user - Guuse"
922,"Doritosgate"
923,"Piero Scaruffi"
924,"/v/"
925,"Five Nights at Freddy's"
926,"L'Oréal"
927,"Masters of the Universe"
928,"/a/"
929,"Jeroom"
930,"Unknown, often attributed to Voltaire"
931,"r/RedditArmie"
932,"Japanese language"
933,"Grand Theft Auto: San Andreas"
934,"Reddit, Youtube"
935,"Skittles"
936,"Pokémon X and Y"
937,"Nickelodeon"
938,"/b/"
939,"YouTube/Reddit"
940,"Linkin Park"
941,"Social Exclusion Unit"
942,"Twitter/Vine"
943,"Jurann.furcen.org"
944,"Steven Universe"
945,"RobertStock"
946,"Catalina"
947,"The Road to El Dorado"
948,"Hall of Fame speech"
949,"Lipstick Alley Forums"
950,"Nickelback"
951,"The Onion"
952,"/pol/"
953,"Super Smash Bros for 3DS & Wii U"
954,"SoundCloud"
955,"Metal Gear Solid V (Video Game)"
956,"4chan's /pol/"
957,"Era"
958,"/tv/"
959,"Digimon Tamers"
960,"9gag / Joyreactor"
961,"Smash Mouth"
962,"Twitter, Facebook"
963,"Japan"
964,"tumblr.com"
965,"Touhou Koumakyou ~ The Embodiment of Scarlet Devil (Game)"
966,"The Big House 3 Super Smash Bros Melee Tournament"
967,"Sheep Wrecked"
968,"Super Mario Bros. 2"
969,"youtube"
970,"Chicago"
971,"Bad Girls Club"
972,"Despicable Me"
973,"Vichan"
974,"Captain Phillips (Movie)"
975,"Safely Endangered"
976,"Automatic Enquete Generator (自動アンケート作成)"
977,"straightouttasomewhere.com"
978,"Arcane Kids"
979,"Mandela Effect"
980,"Dragon Ball Super"
981,"Metal Gear Solid V: The Phantom Pain"
982,"Andrew Gold"
983,"ISIS"
984,"Mad Max Fury Road"
985,"Splatoon"
986,"Eddie Murphy"
987,"Thomas the Tank Engine & Friends (Television Series)"
988,"NewGrounds"
989,"Demolition Man"
990,"Unicode"
991,"Undertale"
992,"Drake; Apple Music"
993,"Enrico Fermi"
994,"League of Legends"
995,"Fallout 4"
996,"Reddit subreddit /r/GlobalOffensive"
997,"Disqus Comments"
998,"YouTube; Code MENT - Episode 16"
999,"Toby Fox"
1000,"Monty Python and the Holy Grail"
1001,"Ween"
1002,"/int/"
1003,"High School Musical 2"
1004,"Unicode Consortium"
1005,"Twitter, 4chan"
1006,"Taobao"
1007,"iFunny"
1008,"Tumblr/Imgur"
1009,"8chan"
1010,"Animal Crossing: New Leaf"
1011,"Brooklyn"
1012,"Filthy Frank"
1013,"FlatEarthSociety.org"
1014,"Complex Magazine"
1015,"It's Always Sunny in Philadelphia"
1016,"Ukagaka User Community"
1017,"/co/"
1018,"The Matrix"
1019,"Taiwan"
1020,"Bill Wurtz"
1021,"Yu-Gi-Oh!"
1022,"h3h3 Productions"
1023,"4chans /int/ section"
1024,"New Horizon"
1025,"twitch.tv"
1026,"/fa/"
1027,"Fallout"
1028,"Hot 97"
1029,"The Triggering"
1030,"VICE"
1031,"Blizzard"
1032,"Overwatch"
1033,"Jojo's Bizarre Adventure"
1034,"Snapchat"
1035,"Cincinnati Zoo"
1036,"[s4s]"
1037,"Winnipeg Free Press"
1038,"The Right Stuff"
1039,"Pokémon"
1040,"Foster the People"
1041,"Sunday Age"
1042,"MemeGenerator.net"
1043,"Photoshop"
1044,"Total Nonstop Action Wrestling"
1045,"Australia Transport Accident Commission"
1046,"wwww.facebook.com/colorfulmemes"
1047,"Love Live! School Idol Project"
1048,"Pokémon Sun and Moon"
1049,"brunomars.us"
1050,"Shuffle!"
1051,"fanfiction.net"
1052,"Anti-Drug PSA"
1053,"Jason Bourne"
1054,"unknown"
1055,"Pokemon Sun and Moon"
1056,"Tim & Eric Awesome Show Great Job!"
1057,"Black Twitter"
1058,"Rainbow Six Siege"
1059,"L.A. Riots"
1060,"Brazilian Telenovela"
1061,"Second United States Presidential Debate"
1062,"J. Robert Oppenheimer"
1063,"Pixar's Cars"
1064,"Grand Theft Auto: San Andreas (video game)"
1065,"Twitter user @speculation, January 2016"
1066,"4chan.org/pol/"
1067,"r/me_irl"
1068,"New York City"
1069,"Sky Magazine"
1070,"P.E.P.E."
1071,"Apple"
1072,"Taringa"
1073,"Pokémon Sun / Pokémon Moon"
1074,"Barnyard"
1075,"/r/me_irl"
1076,"Ninja Productions"
1077,"youtube.com"
1078,"Folgers"
1079,"Migos"
1080,"Suicide Squad"
1081,"Coldsteel The Hedgeheg"
1082,"Big Fat Whale"
1083,"Hell's Kitchen"
1084,"https://en.wikiquote.org/wiki/Karl_Marx"
1085,"BuzzFeed"
1086,"Dr. Phil"
1087,"Donald Trump Press Conference"
1088,"The Bible"
1089,"Event"
1090,"HeWillNotDivide.Us"
1091,"Star Wars Episode III: Revenge of the Sith"
1092,"Washington, D.C."
1093,"Ontario, Canada"
1094,"Bag Raiders"
1095,"Escape From Heaven"
1096,"Syd Weiler, Illustr-animator"
1097,"Drew Scanlon"
1098,"Journalism"
1099,"Nuvo"
1100,"On February 24, 2017, popular Youtuber Jacksfilms had tweeted ""Just had a telemarketer hang up on me by answering 'me me big boy'"""
1101,"Buzzfeed Yellow"
1102,"Arakawa Under the Bridge"
1103,"Diary of A Wimpy Kid: The Long Haul"
1104,"Spider-Man 2 (Video Game)"
1105,"Rick and Morty"
1106,"2002"
1107,"Pre-Internet"
1108,"FrankerFaceZ"
1109,"Samurai Jack"
1110,"Riverdale"
1111,"/r/surrealmemes"
1112,"Twitch.tv"
1113,"Atrl"
1114,"Esquire"
1115,"Star Wars: Episode III — Revenge of the Sith"
1116,"The Simpsons TV Series"
1117,"X-Men: First Class"
1118,"Katy Perry Interview on ""The Project"""
1119,"L.A. Noire"
1120,"Owl City"
1121,"Getty Images"
1122,"Community"
1123,"Luis Fonsi"
1124,"Sharenator"
1125,"Metal Gear Solid V: The Phantom Pain (2013 E3)"
1126,"Crash Bandicoot"
1127,"John Bergeron"
1128,"Private Lessons Part 3"
1129,"reddit.com"
1130,"Rick and Morty (TV Series)"
1131,"iStockphoto"
1132,"Buzzfeed Unsolved"
1133,"iStock"
1134,"Naruto"
1135,"2012 E3 Entertainment Expo"
