"tag_id","tag"
0,"raid"
1,"russia"
2,"rick roll"
3,"humiliation"
4,"music"
5,"rap"
6,"techno viking"
7,"catchphrase"
8,"image macro"
9,"lol"
10,"image macros"
11,"newscast"
12,"animal"
13,"engrish"
14,"star war"
15,"ascii"
16,"youtube"
17,"mexico"
18,"viral video"
19,"celebrity"
20,"okgo"
21,"iraq"
22,"hitler"
23,"japan"
24,"lip dub"
25,"eat"
26,"loituma"
27,"millhouse"
28,"afro"
29,"lolcat"
30,"combo"
31,"non-english"
32,"barrel"
33,"anime"
34,"cheat code"
35,"4chan"
36,"violence"
37,"Christian bale"
38,"david"
39,"politics"
40,"leprechaun"
41,"flea market"
42,"super smash bros"
43,"video game"
44,"sonic"
45,"mcroll"
46,"desu"
47,"trollface"
48,"game"
49,"image"
50,"anteater"
51,"oldschool"
52,"pant"
53,"bel-air"
54,"bert"
55,"philosoraptor"
56,"alligator"
57,"thats"
58,"remix"
59,"tv"
60,"winner"
61,"numa"
62,"sorority girl"
63,"cthulhu"
64,"rich"
65,"funny"
66,"girl"
67,"website"
68,"george"
69,"nice"
70,"nintendo"
71,"home movie"
72,"you have my sword"
73,"zuikkin gal"
74,"sci-fi"
75,"super bowl"
76,"cat"
77,"banana"
78,"shamwow"
79,"angry"
80,"short"
81,"psp"
82,"videogame"
83,"youtube poop"
84,"china"
85,"creepy katara"
86,"yahoo answer"
87,"the simpsons"
88,"lil j"
89,"we like the moon"
90,"fah god sake fuck dis shit"
91,"gold"
92,"vtec"
93,"xbox"
94,"superheroes"
95,"europe"
96,"fake"
97,"battletoads"
98,"profit"
99,"o shi"
100,"lose"
101,"geocities"
102,"p.s ill find my frog"
103,"Lee"
104,"disapproval"
105,"international"
106,"konami"
107,"troll"
108,"realultimatepower"
109,"music fad"
110,"bananaphone"
111,"steve ballmer"
112,"customer"
113,"ign"
114,"clare werbeloff"
115,"efg"
116,"socially"
117,"starcraft"
118,"emoticons"
119,"flonty"
120,"literal"
121,"flash"
122,"benny"
123,"reaction"
124,"medieval"
125,"garbage"
126,"unicorns"
127,"iron mic"
128,"josef fritzl"
129,"face"
130,"serious'd"
131,"prank"
132,"autotune"
133,"facebook"
134,"e3"
135,"sarcasm"
136,"meh"
137,"kitten"
138,"lazy town"
139,"software"
140,"epic"
141,"doomsday"
142,"tattoo"
143,"you sir"
144,"animation"
145,"gummibar"
146,"carinho"
147,"spongebob squarepants"
148,"farlk"
149,"street fighter"
150,"2chan"
151,"jack rebney"
152,"black metal"
153,"batman"
154,"unforgivable"
155,"ytpmv"
156,"yiff in hell"
157,"german"
158,"otters hold hand"
159,"extreme"
160,"woll smoth"
161,"godwin's law"
162,"emoticon"
163,"phoenix"
164,"myspace"
165,"lex luther"
166,"sweden"
167,"techno"
168,"gross"
169,"1980"
170,"hoax"
171,"pokemon"
172,"diet"
173,"predator"
174,"internet celebrity"
175,"spengbab"
176,"kid"
177,"photo meme"
178,"cute"
179,"metroid"
180,"dance"
181,"duffy"
182,"tourist"
183,"howard dean"
184,"ytp"
185,"snape"
186,"stop-motion"
187,"overlord"
188,"randy constan"
189,"download"
190,"search"
191,"shock"
192,"gesture"
193,"viral"
194,"audio"
195,"sauce"
196,"photography"
197,"own"
198,"performance"
199,"drug"
200,"trailer"
201,"halo"
202,"ban"
203,"teal deer"
204,"online behavior"
205,"viral marketing"
206,"brazil"
207,"drunk"
208,"animated gif"
209,"slang"
210,"push"
211,"ytmnd"
212,"they be"
213,"furry"
214,"beatmania"
215,"canaca"
216,"leave 4 dead"
217,"cartoon"
218,"creepy"
219,"final destination"
220,"invisible"
221,"f40ph"
222,"nicolas cage"
223,"family guy"
224,"copypasta"
225,"lion"
226,"virus"
227,"internet"
228,"food"
229,"parody"
230,"dog"
231,"sparta"
232,"suprise"
233,"lolcats"
234,"the shoot"
235,"michael j fox"
236,"movie"
237,"gmod"
238,"freakout"
239,"oh bob saget"
240,"cop"
241,"neil cicierega"
242,"photoshop"
243,"force meme"
244,"crack"
245,"dragon ball z"
246,"pokemon pun"
247,"the critic"
248,"lurking"
249,"bump"
250,"acronyms"
251,"No tag"
252,"wtf"
253,"mcdonalds"
254,"gaston"
255,"graphs"
256,"superman"
257,"first comment"
258,"animated"
259,"professor x"
260,"blog"
261,"dance meme"
262,"penny arcade"
263,"luigi"
264,"tabby"
265,"john freeman"
266,"derail"
267,"chocolate"
268,"fancy talk"
269,"confuse"
270,"weebo"
271,"reject"
272,"video"
273,"wifeswap"
274,"gun"
275,"death"
276,"house"
277,"troll 2"
278,"bear"
279,"media frenzy"
280,"kirby super star"
281,"weebl"
282,"write"
283,"athf"
284,"viral fad"
285,"niconico douga"
286,"microsoft"
287,"speculation"
288,"squadron"
289,"photo"
290,"force"
291,"Canada"
292,"poster"
293,"textual"
294,"larp"
295,"rageguy"
296,"kermit"
297,"willy wonka"
298,"bro fist"
299,"audition"
300,"runescape"
301,"lyric"
302,"brb"
303,"overflow"
304,"derp"
305,"josheph"
306,"lolwut"
307,"hatsune miku"
308,"stussy"
309,"2 channel"
310,"single character image macro"
311,"manatee"
312,"lip sync"
313,"denny's"
314,"link"
315,"portal"
316,"moonman"
317,"Asian"
318,"donnell rawlings"
319,"strong bad"
320,"thread"
321,"uk"
322,"ghandi"
323,"lindomar"
324,"fanfiction"
325,"film"
326,"mustache"
327,"stop motion"
328,"participatory"
329,"jazz"
330,"cry"
331,"picture"
332,"mudkip"
333,"lovecraft"
334,"spongebob"
335,"hetalia"
336,"yugioh"
337,"murder"
338,"ballad of douche quadbike"
339,"burn man"
340,"xkcd"
341,"stop"
342,"snaps"
343,"sgt foley"
344,"urban legend"
345,"nick"
346,"rickroll"
347,"fairy"
348,"poland"
349,"mads"
350,"e-mail"
351,"robe"
352,"skyqueen"
353,"song"
354,"rooster"
355,"mai hasubando"
356,"daler mehndi"
357,"keikaku"
358,"dan deacon"
359,"box"
360,"tom selleck"
361,"pseudoscience"
362,"Bush"
363,"tumblr"
364,"twitter"
365,"anti-fan"
366,"lolspeak"
367,"login fail"
368,"chef excellence"
369,"beard"
370,"ps3 have no game"
371,"stick"
372,"mass effect 2"
373,"tony kornheiser"
374,"escalopter"
375,"mass effect"
376,"racist"
377,"king kong"
378,"denny blaze"
379,"fanimutation"
380,"model"
381,"racing"
382,"ps3"
383,"mssnor"
384,"maury"
385,"king"
386,"hitchhiker 's"
387,"clay davis"
388,"kenya"
389,"fap"
390,"kraken"
391,"shocked"
392,"taunt"
393,"maxine swaby"
394,"community"
395,"filipino"
396,"cheeseburger josh"
397,"pixeloo"
398,"girth"
399,"creepypasta"
400,"mmmorpg"
401,"here it go again"
402,"monster hunter"
403,"clarinet"
404,"maria la de barrio"
405,"know you meme plus one"
406,"delfin quishpe"
407,"volcano"
408,"single topic blogs"
409,"a&e"
410,"internet game"
411,"gta"
412,"caption"
413,"manga"
414,"wise confucius"
415,"youtube video"
416,"nya"
417,"fuck yeah"
418,"fuck you baltimore"
419,"bad"
420,"kanellos"
421,"thomas"
422,"stone"
423,"demotivational"
424,"optic illusion"
425,"duckface"
426,"he roll"
427,"a misrible little pile of secret"
428,"language"
429,"come"
430,"law and order"
431,"gif"
432,"new jersey"
433,"interruptor"
434,"IRL"
435,"chatspeak"
436,"useless"
437,"unboxing"
438,"boss"
439,"soccer"
440,"everywhere"
441,"web 1.0"
442,"character"
443,"nick cage"
444,"david cameron"
445,"nyan nyan"
446,"girlfriend"
447,"that face soldier"
448,"4chons"
449,"nicholas cage"
450,"bait and switch"
451,"handsome"
452,"team fortress"
453,"griefing"
454,"nostalgia"
455,"psychic octopus"
456,"feature"
457,"ha"
458,"pudding"
459,"pedobear similar"
460,"google"
461,"rant"
462,"final boss"
463,"ketchup"
464,"template comic"
465,"baidu"
466,"uboa"
467,"top"
468,"samurai damasii"
469,"somethingawful"
470,"moonbase"
471,"star"
472,"videobombing"
473,"huntsville"
474,"jack black"
475,"lemonparty"
476,"basil marceaux"
477,"sexual harassment"
478,"card"
479,"shock site"
480,"adrien brody"
481,"dzh"
482,"lulz"
483,"it 's super effective"
484,"flight attendant"
485,"air man"
486,"tea party"
487,"spider-man"
488,"trolling"
489,"dojin artist"
490,"lord of the ring"
491,"short story"
492,"akun"
493,"wurd"
494,"mashups"
495,"music video"
496,"rageguy spinoff"
497,"ghost ride the whip"
498,"dystonia"
499,"homestuck"
500,"star trek"
501,"milk"
502,"still"
503,"quran"
504,"head shot"
505,"boobs"
506,"germany"
507,"comment"
508,"it 's always sunny in philadelphia"
509,"inception"
510,"handsome face"
511,"woody"
512,"axis power hetalia"
513,"badass"
514,"hyadain"
515,"surprise"
516,"passive aggressive"
517,"dew"
518,"mary kate olsen"
519,"witchcraft"
520,"snowclone"
521,"Christmas"
522,"mario"
523,"vending machine"
524,"tf2"
525,"shitstorm"
526,"hey scotty jesus man"
527,"moonwalker"
528,"reggie"
529,"fad"
530,"scream"
531,"sasuke"
532,"bitches love x"
533,"wow"
534,"reddit"
535,"kasou taishou"
536,"calm you tit"
537,"minecraft creeper"
538,"tecent"
539,"webcomics"
540,"girl laugh"
541,"derogatory"
542,"gay rights"
543,"za"
544,"4chumblr"
545,"guy"
546,"4can"
547,"van"
548,"comic"
549,"angry miz girl"
550,"custom"
551,"korea"
552,"phenomenon"
553,"lense"
554,"fingerbox"
555,"pennsylvania"
556,"minecraft"
557,"spuf"
558,"sandwich"
559,"pootis"
560,"fmylife"
561,"raccoon"
562,"ninjas"
563,"board"
564,"golden"
565,"follower"
566,"captcha"
567,"rage comic"
568,"gei li"
569,"lil b"
570,"icon"
571,"4 chan image macro"
572,"spinoff"
573,"exorcist"
574,"grumpy"
575,"special instruction"
576,"password"
577,"fusion"
578,"old"
579,"dad"
580,"quote"
581,"grandma meme"
582,"egypt"
583,"clich√©"
584,"ebay"
585,"niggerwalk"
586,"bill o'reilly"
587,"hipster"
588,"whatcha thinkin"
589,"protest"
590,"news"
591,"tl;"
592,"panda"
593,"televisa"
594,"miss poster"
595,"remi"
596,"squidward suicide"
597,"reaction face"
598,"pomf"
599,"karate kyle"
600,"kaddafi"
601,"wizard"
602,"two and a half man"
603,"art"
604,"my little pony"
605,"noob tube"
606,"durden"
607,"hokuto no ken"
608,"racism"
609,"zangief kid"
610,"some man"
611,"lady"
612,"psa"
613,"sad"
614,"rave"
615,"template"
616,"race"
617,"mpaa"
618,"down page"
619,"twin"
620,"cirno"
621,"houzman"
622,"hitler house"
623,"record"
624,"college"
625,"50 cent"
626,"macro"
627,"futurama"
628,"professor"
629,"yamcha"
630,"nyan"
631,"advice dog spinoff"
632,"power glove"
633,"portal 2"
634,"bird"
635,"nature"
636,"notables of 2011"
637,"rule"
638,"simcity"
639,"carrie underwood"
640,"ming general"
641,"wub"
642,"cave johnson"
643,"I must go"
644,"yam"
645,"mom"
646,"el hadji diouf"
647,"battle dome"
648,"ancient"
649,"cupcake"
650,"homosexuality"
651,"fox"
652,"rage"
653,"moe"
654,"rapture"
655,"haters"
656,"tng"
657,"comic san ms"
658,"retarded"
659,"009 sound system"
660,"wooden"
661,"leonardo di caprio"
662,"9gag"
663,"doodly doodly doop"
664,"neglect"
665,"giantbomb kanye"
666,"eharmony"
667,"pantskat"
668,"princess celestia"
669,"fire in the hole"
670,"vancouver"
671,"scumbag girl"
672,"video editing"
673,"oat"
674,"zelda"
675,"green"
676,"friendship be magic"
677,"co"
678,"nigel thornberry"
679,"fua"
680,"never alone"
681,"good of 2011"
682,"gram"
683,"webcomic"
684,"wild x appear"
685,"house m.d"
686,"my"
687,"inside joke"
688,"jamaica"
689,"planking"
690,"guido"
691,"sonic the hedgehog"
692,"word"
693,"eye"
694,"punch"
695,"barbara streisand"
696,"fffffffuuuuuu"
697,"seem"
698,"schrute"
699,"diamondhead"
700,"frosh"
701,"pool"
702,"pixel art"
703,"conspiracy theory"
704,"sir"
705,"tacnayn"
706,"freddie"
707,"k-on"
708,"gundam"
709,"computer"
710,"wall street"
711,"lie down game"
712,"perry"
713,"grand theft auto"
714,"namiko moon"
715,"response video"
716,"rage face"
717,"rick santorum"
718,"why"
719,"zoidberg"
720,"overkill"
721,"candy"
722,"submeme"
723,"inigo montoya"
724,"michel gondry"
725,"tsundere"
726,"advice animal"
727,"pb"
728,"cannot"
729,"dark"
730,"culture"
731,"cray cray"
732,"go"
733,"batmanning"
734,"fashion"
735,"godfather"
736,"chuck testa"
737,"alot"
738,"post-its"
739,"station"
740,"offline meet-up"
741,"penguin"
742,"bedroom"
743,"usenet"
744,"headset"
745,"game of thrones"
746,"insanity puppy"
747,"kremlin"
748,"what"
749,"nononono"
750,"wadsworth"
751,"tomska"
752,"single topic blog"
753,"weibo"
754,"nobody 's perf"
755,"bad animation"
756,"minimal"
757,"space jam"
758,"stock photo"
759,"metallica"
760,"kyubey"
761,"football"
762,"horse"
763,"no"
764,"advice dog"
765,"fail"
766,"dragon"
767,"book"
768,"conspiracy"
769,"you"
770,"shannon larratt"
771,"what the fuck"
772,"rainbow"
773,"the"
774,"effect"
775,"brain"
776,"stoned"
777,"furries"
778,"space"
779,"twilight"
780,"gladiator"
781,"hate"
782,"tags"
783,"fresh"
784,"something awful"
785,"wikipedia"
786,"russian"
787,"bro"
788,"internet slang"
789,"random"
790,"doom"
791,"relationship"
792,"awkward"
793,"weird meme of 2012"
794,"I have no idea"
795,"man"
796,"bang"
797,"swag"
798,"mr bean"
799,"friend"
800,"spanish inquisition"
801,"good guy greg"
802,"say"
803,"morphing"
804,"meme"
805,"fps"
806,"job"
807,"jimmy"
808,"science"
809,"alabama"
810,"gay"
811,"I aint mad"
812,"bat"
813,"apple.mov"
814,"poetry"
815,"shironeko"
816,"duck"
817,"ball"
818,"ask"
819,"emotion"
820,"jesus"
821,"mass effect 3"
822,"alpha"
823,"look"
824,"funnyjunk"
825,"money"
826,"goat tower"
827,"it"
828,"will"
829,"weight lift"
830,"sanic"
831,"yotsuba"
832,"kill"
833,"argument"
834,"be"
835,"cannibal"
836,"sherlock"
837,"toothpaste"
838,"obama"
839,"frog"
840,"the duck song"
841,"phrase"
842,"avatar"
843,"fanfic"
844,"joke"
845,"madagascar 3"
846,"grammar"
847,"anonymity"
848,"internet fight"
849,"ad campaign"
850,"apocalypse"
851,"baby"
852,"cash"
853,"sp"
854,"asmr"
855,"see"
856,"nsfw"
857,"2 pac"
858,"kate beaton"
859,"shadythomas"
860,"sport"
861,"entry of august 2012"
862,"south park"
863,"kilroy be here"
864,"spain"
865,"day"
866,"long"
867,"child"
868,"scary"
869,"pug"
870,"break bad"
871,"evil toddler"
872,"gym"
873,"subtitles"
874,"I should but a boat"
875,"video fad"
876,"alternate universe"
877,"cooking"
878,"burn"
879,"marvel comic"
880,"redneck"
881,"question"
882,"office space"
883,"fandom"
884,"justin bieb"
885,"iphone"
886,"dating"
887,"my brand"
888,"close community"
889,"blood"
890,"fist of the north star"
891,"get along shirt"
892,"macklemore"
893,"valentine"
894,"photo fad"
895,"sex"
896,"majora 's mask"
897,"florida"
898,"series"
899,"taylor swift"
900,"kill I"
901,"pc"
902,"deviantart"
903,"reaction image"
904,"thumb up"
905,"two"
906,"office"
907,"kymirl"
908,"hbo"
909,"challenge"
910,"to"
911,"rule of the internet"
912,"moon moon"
913,"faith"
914,"commercial"
915,"dead"
916,"extremist"
917,"wii"
918,"warlizard"
919,"privilege"
920,"stereotype"
921,"america"
922,"milkshake"
923,"bait"
924,"cup"
925,"ryan gosling"
926,"controversy"
927,"zoolander"
928,"that"
929,"spider"
930,"personality"
931,"world of warcraft"
932,"porn"
933,"photograph"
934,"in"
935,"team"
936,"ad"
937,"arya wiguna"
938,"side eyeing chloe"
939,"disgusting"
940,"donkey kong"
941,"selfie"
942,"leonardo dicaprio"
943,"atheist"
944,"basketball"
945,"doge"
946,"mobile"
947,"atheism"
948,"edgy"
949,"cheeki breeki"
950,"wifi"
951,"dark soul"
952,"olympics"
953,"quiz"
954,"warhammer 40000"
955,"spam"
956,"circlejerk"
957,"seppuku"
958,"sabin"
959,"feel"
960,"okcupid"
961,"selena gomez"
962,"black twitter"
963,"simpsons"
964,"mlp fanfic"
965,"archer"
966,"review"
967,"justin timberlake"
968,"gender"
969,"jojo 's bizarre adventure"
970,"mayro"
971,"theory"
972,"super"
973,"and"
974,"devil may cry"
975,"tommy Lee jones"
976,"do it"
977,"spelling mistake"
978,"signature"
979,"get"
980,"criminal"
981,"muppets"
982,"response"
983,"deny"
984,"bill nye"
985,"television"
986,"comic san"
987,"marvel"
988,"montage"
989,"land before time"
990,"triple"
991,"special snowflake"
992,"super smash brother"
993,"facepunch"
994,"feelingnuts"
995,"know that feel"
996,"daphne"
997,"ed edd n eddy"
998,"full retard"
999,"ivan"
1000,"screenshot"
1001,"philip siekevitz"
1002,"adult swim"
1003,"cover"
1004,"starter kit"
1005,"islam"
1006,"22 jump street"
1007,"babe"
1008,"expression"
1009,"school"
1010,"trigger"
1011,"coffin"
1012,"it 's a meme you dip"
1013,"ibex"
1014,"fight game"
1015,"interracial breeding grounds"
1016,"good boy point"
1017,"irony"
1018,"2015 superbowl"
1019,"nuke"
1020,"bae"
1021,"mlk"
1022,"jpeg"
1023,"metal gear"
1024,"identify"
1025,"usa"
1026,"horror"
1027,"death grip"
1028,"shampoo"
1029,"vine"
1030,"masters of the universe"
1031,"wake up sheeple"
1032,"kefka"
1033,"smitty werbenjagermanjensen"
1034,"spiderman"
1035,"lebron"
1036,"wake I up inside"
1037,"sesame street"
1038,"Japanese honorifics"
1039,"iggy azalea"
1040,"interstellar"
1041,"interactive"
1042,"emoji"
1043,"shitposting"
1044,"doug dimmadone"
1045,"ebin"
1046,"squad"
1047,"general grevious"
1048,"crawl"
1049,"r9k"
1050,"shinya arino"
1051,"hashtag"
1052,"yaass"
1053,"king of the hill"
1054,"captioned stock photo"
1055,"m8"
1056,"cry michael jordan"
1057,"cisgender"
1058,"nickelback"
1059,"kent brantly"
1060,"chris evans"
1061,"twitch"
1062,"60 's spider-man"
1063,"struggle"
1064,"nooice"
1065,"digimon"
1066,"dude"
1067,"nose"
1068,"naruto"
1069,"smash mouth"
1070,"shia labeouf"
1071,"Japanese"
1072,"splatoon"
1073,"touhou"
1074,"buttcrack"
1075,"manda nude"
1076,"spurdo sparde"
1077,"leggy lamb"
1078,"whip"
1079,"solo"
1080,"super mario"
1081,"duwang"
1082,"trap"
1083,"johnny johnny yes papa"
1084,"kocoum"
1085,"no sleep"
1086,"despicable I"
1087,"ironic"
1088,"bodyshaming"
1089,"wojak"
1090,"look at I"
1091,"lakers"
1092,"internet myth"
1093,"instagram"
1094,"indonesia"
1095,"straight outta compton"
1096,"presidential campaign"
1097,"steve buscemi"
1098,"mandela effect"
1099,"courtroom"
1100,"shadow the hedgehog"
1101,"dragon ball"
1102,"snake"
1103,"male"
1104,"skeletons"
1105,"isis"
1106,"mad max"
1107,"20 minute"
1108,"splat tim"
1109,"king crimson"
1110,"comedy"
1111,"kek"
1112,"gamergate"
1113,"the fat controller"
1114,"george with Bush"
1115,"marilyn monroe"
1116,"mgsv"
1117,"snek"
1118,"pronunciation"
1119,"vsauce"
1120,"mu"
1121,"who up"
1122,"gabe"
1123,"leafyishere"
1124,"bean"
1125,"undertale"
1126,"kink"
1127,"ylilauta"
1128,"csgo"
1129,"aurora"
1130,"small loan of a million dollar"
1131,"sfm"
1132,"toby fox"
1133,"cyka blyat"
1134,"monty python"
1135,"succ"
1136,"blini"
1137,"ocean man"
1138,"john oliver"
1139,"india"
1140,"white cis male"
1141,"fallout 4"
1142,"benis"
1143,"black life matter"
1144,"test"
1145,"pikachu"
1146,"bee movie"
1147,"campaign poster"
1148,"int"
1149,"marge"
1150,"pol"
1151,"gop"
1152,"filthy frank"
1153,"plant"
1154,"serial killer"
1155,"special meme fresh"
1156,"always sunny in philadelphia"
1157,"daffy duck"
1158,"one direction"
1159,"bing bong"
1160,"head"
1161,"mr krabs"
1162,"h3h3"
1163,"grand"
1164,"trump"
1165,"paw paw"
1166,"history"
1167,"this be snek"
1168,"vape"
1169,"loli"
1170,"drake"
1171,"memeking"
1172,"chloe"
1173,"h1z1"
1174,"cancer"
1175,"sext"
1176,"league of legends"
1177,"disney channel"
1178,"totally look like"
1179,"fallout"
1180,"noma"
1181,"rapper"
1182,"button"
1183,"bible"
1184,"trigglypuff"
1185,"abu hajaar"
1186,"overwatch"
1187,"pharah"
1188,"jotaro kujo"
1189,"captain america civil war"
1190,"absolutely disgusting"
1191,"snapchat"
1192,"aesthetic"
1193,"angle"
1194,"zoo"
1195,"monkey"
1196,"axl rise"
1197,"4 pane"
1198,"chrome"
1199,"diss"
1200,"j cole"
1201,"thick"
1202,"cuck"
1203,"ironic meme"
1204,"professional wrestling"
1205,"danny devito"
1206,"spookachu"
1207,"hillary clinton"
1208,"kanye west"
1209,"mark zuckerberg"
1210,"car crash"
1211,"gorde rumsi"
1212,"love live"
1213,"chest"
1214,"pawn star"
1215,"donald trump"
1216,"cigarette meme"
1217,"michael jordan"
1218,"jason bourne"
1219,"clorox"
1220,"millennials"
1221,"sitophilia"
1222,"ifunny"
1223,"idubbbztv"
1224,"orange"
1225,"mudasir"
1226,"pokemon sun and moon"
1227,"tim eric"
1228,"boot"
1229,"lazytown"
1230,"rainbow six"
1231,"kendall jenner"
1232,"la riot"
1233,"crusade"
1234,"math lady"
1235,"person"
1236,"car"
1237,"trebuchet"
1238,"robbie rotten"
1239,"big smoke"
1240,"pepe the frog"
1241,"gf"
1242,"kemit the frog"
1243,"chile"
1244,"peach"
1245,"ancap meme"
1246,"barnyard"
1247,"be me_irl"
1248,"rami"
1249,"chocolate milk"
1250,"dinosaur"
1251,"bus"
1252,"thot patrol"
1253,"verbose"
1254,"lucky luciano"
1255,"migos"
1256,"suicide squad"
1257,"white"
1258,"yuka-chan"
1259,"teleport"
1260,"meta"
1261,"gordon ramsay"
1262,"oats"
1263,"yahoo"
1264,"production"
1265,"tuskish"
1266,"thumb"
1267,"scandal"
1268,"dr phil"
1269,"name"
1270,"the bible"
1271,"italy"
1272,"poem"
1273,"nazi"
1274,"the bye bye man"
1275,"jojo"
1276,"cult of kek"
1277,"debate"
1278,"intelligence"
1279,"wikihow"
1280,"floppy bird"
1281,"adolf hitler"
1282,"filename"
1283,"ivanka trump"
1284,"draw scanlon"
1285,"real nigga hour"
1286,"text message"
1287,"jacksfilms"
1288,"genji"
1289,"black people twitter"
1290,"peter griffin"
1291,"wimpy kid"
1292,"beter"
1293,"mcdonald's"
1294,"black"
1295,"hat"
1296,"aaron pritchett"
1297,"non sequitur"
1298,"extra thicc"
1299,"archive comic"
1300,"meme man"
1301,"emote"
1302,"portmanteau"
1303,"anakin skywalker"
1304,"understandable have a nice day"
1305,"pope"
1306,"katy perry"
1307,"l.a noire"
1308,"childish gambino"
1309,"owl city"
1310,"thrussy"
1311,"floor be lava"
1312,"lgbt"
1313,"illustration"
1314,"skyrim"
1315,"hentai"
1316,"hot dog"
1317,"daddy yankee"
1318,"donald trump je"
1319,"katana"
1320,"nick crompton"
1321,"whoa"
1322,"fidget spinn"
1323,"android"
1324,"vegena"
1325,"me_irl"
1326,"antivirus"
1327,"rick and morty"
1328,"buzzfeed supernatural"
1329,"country"
1330,"clout goggles"
1331,"respect woman"
1332,"she take the fucking kid"
